{
  "codeblock": "base_code",
  "ops_pipeline": [
	{
	  "remove": {
		"filter": "[*]"
	  }
	},
	{
	  "copy": {
		"filter": "~[__*]|~[.DS_Store, .gitignore]"
	  }
	},
	{
	  "alter": {
		"locator": [
		  "/__alte"
		]
	  }
	},
	{
	  "alter": {
		"locator": [
		  "/components/home-page/__transform_2"
		]
	  }
	},
	{
	  "alter": {
		"locator": [
		  "/components/layout/__transform_3"
		]
	  }
	},
	{
	  "alter": {
		"locator": [
		  "/components/__e1"
		]
	  }
	},
	{
	  "alter": {
		"locator": [
		  "/pages/__pick"
		]
	  }
	},
	{
	  "alter": {
		"locator": [
		  "/pages/__recast"
		]
	  }
	},
	{
	  "alter": {
		"locator": [
		  "/components/__p1"
		]
	  }
	}
  ]
}